{
    "A": [
        {
            "name": "Afghanistan(93)",
            "code": "0093",
            "pinyin": "Afghanistan(93)"
        },
        {
            "name": "Albania(355)",
            "code": "00355",
            "pinyin": "Albania(355)"
        },
        {
            "name": "Algeria(213)",
            "code": "00213",
            "pinyin": "Algeria(213)"
        },
        {
            "name": "Andorra(376)",
            "code": "00376",
            "pinyin": "Andorra(376)"
        },
        {
            "name": "Angola(244)",
            "code": "00244",
            "pinyin": "Angola(244)"
        },
        {
            "name": "Anguilla(1264)",
            "code": "001264",
            "pinyin": "Anguilla(1264)"
        },
        {
            "name": "Antigua and Barbuda(1268)",
            "code": "001268",
            "pinyin": "Antigua and Barbuda(1268)"
        },
        {
            "name": "Argentina(54)",
            "code": "0054",
            "pinyin": "Argentina(54)"
        },
        {
            "name": "Armenia(374)",
            "code": "00374",
            "pinyin": "Armenia(374)"
        },
        {
            "name": "Ascension(247)",
            "code": "00247",
            "pinyin": "Ascension(247)"
        },
        {
            "name": "Australia(61)",
            "code": "0061",
            "pinyin": "Australia(61)"
        },
        {
            "name": "Austria(43)",
            "code": "0043",
            "pinyin": "Austria(43)"
        },
        {
            "name": "Azerbaijan(994)",
            "code": "00994",
            "pinyin": "Azerbaijan(994)"
        }
    ],
    "B": [
        {
            "name": "Bahamas(1242)",
            "code": "001242",
            "pinyin": "Bahamas(1242)"
        },
        {
            "name": "Bahrain(973)",
            "code": "00973",
            "pinyin": "Bahrain(973)"
        },
        {
            "name": "Bangladesh(880)",
            "code": "00880",
            "pinyin": "Bangladesh(880)"
        },
        {
            "name": "Barbados(1246)",
            "code": "001246",
            "pinyin": "Barbados(1246)"
        },
        {
            "name": "Belarus(375)",
            "code": "00375",
            "pinyin": "Belarus(375)"
        },
        {
            "name": "Belgium(32)",
            "code": "0032",
            "pinyin": "Belgium(32)"
        },
        {
            "name": "Belize(501)",
            "code": "00501",
            "pinyin": "Belize(501)"
        },
        {
            "name": "Benin(229)",
            "code": "00229",
            "pinyin": "Benin(229)"
        },
        {
            "name": "BermudaIs.(1441)",
            "code": "001441",
            "pinyin": "BermudaIs.(1441)"
        },
        {
            "name": "Bolivia(591)",
            "code": "00591",
            "pinyin": "Bolivia(591)"
        },
        {
            "name": "Botswana(267)",
            "code": "00267",
            "pinyin": "Botswana(267)"
        },
        {
            "name": "Brazil(55)",
            "code": "0055",
            "pinyin": "Brazil(55)"
        },
        {
            "name": "Brunei(673)",
            "code": "00673",
            "pinyin": "Brunei(673)"
        },
        {
            "name": "Bulgaria(359)",
            "code": "00359",
            "pinyin": "Bulgaria(359)"
        },
        {
            "name": "Burkina Faso(226)",
            "code": "00226",
            "pinyin": "Burkina Faso(226)"
        },
        {
            "name": "Burma(95)",
            "code": "0095",
            "pinyin": "Burma(95)"
        },
        {
            "name": "Burundi(257)",
            "code": "00257",
            "pinyin": "Burundi(257)"
        }
    ],
    "C": [
        {
            "name": "Cambodia(855)",
            "code": "00855",
            "pinyin": "Cambodia(855)"
        },
        {
            "name": "Cameroon(237)",
            "code": "00237",
            "pinyin": "Cameroon(237)"
        },
        {
            "name": "Canada(1)",
            "code": "001",
            "pinyin": "Canada(1)"
        },
        {
            "name": "Cayman Is.(1345)",
            "code": "001345",
            "pinyin": "Cayman Is.(1345)"
        },
        {
            "name": "Central African Republic(236)",
            "code": "00236",
            "pinyin": "Central African Republic(236)"
        },
        {
            "name": "Chad(235)",
            "code": "00235",
            "pinyin": "Chad(235)"
        },
        {
            "name": "Chile(56)",
            "code": "0056",
            "pinyin": "Chile(56)"
        },
        {
            "name": "Colombia(57)",
            "code": "0057",
            "pinyin": "Colombia(57)"
        },
        {
            "name": "Congo(242)",
            "code": "00242",
            "pinyin": "Congo(242)"
        },
        {
            "name": "Cook Is.(682)",
            "code": "00682",
            "pinyin": "Cook Is.(682)"
        },
        {
            "name": "Costa Rica(506)",
            "code": "00506",
            "pinyin": "Costa Rica(506)"
        },
        {
            "name": "Cuba(53)",
            "code": "0053",
            "pinyin": "Cuba(53)"
        },
        {
            "name": "Cyprus(357)",
            "code": "00357",
            "pinyin": "Cyprus(357)"
        },
        {
            "name": "Czech Republic(420)",
            "code": "00420",
            "pinyin": "Czech Republic(420)"
        }
    ],
    "D": [
        {
            "name": "Denmark(45)",
            "code": "0045",
            "pinyin": "Denmark(45)"
        },
        {
            "name": "Djibouti(253)",
            "code": "00253",
            "pinyin": "Djibouti(253)"
        },
        {
            "name": "Dominica Rep.(1890)",
            "code": "001890",
            "pinyin": "Dominica Rep.(1890)"
        }
    ],
    "E": [
        {
            "name": "Ecuador(593)",
            "code": "00593",
            "pinyin": "Ecuador(593)"
        },
        {
            "name": "Egypt(20)",
            "code": "0020",
            "pinyin": "Egypt(20)"
        },
        {
            "name": "EISalvador(503)",
            "code": "00503",
            "pinyin": "EISalvador(503)"
        },
        {
            "name": "Estonia(372)",
            "code": "00372",
            "pinyin": "Estonia(372)"
        },
        {
            "name": "Ethiopia(251)",
            "code": "00251",
            "pinyin": "Ethiopia(251)"
        }
    ],
    "F": [
        {
            "name": "Fiji(679)",
            "code": "00679",
            "pinyin": "Fiji(679)"
        },
        {
            "name": "Finland(358)",
            "code": "00358",
            "pinyin": "Finland(358)"
        },
        {
            "name": "France(33)",
            "code": "0033",
            "pinyin": "France(33)"
        },
        {
            "name": "French Guiana(594)",
            "code": "00594",
            "pinyin": "French Guiana(594)"
        },
        {
            "name": "French Polynesia(689)",
            "code": "00689",
            "pinyin": "French Polynesia(689)"
        }
    ],
    "G": [
        {
            "name": "Gabon(241)",
            "code": "00241",
            "pinyin": "Gabon(241)"
        },
        {
            "name": "Gambia(220)",
            "code": "00220",
            "pinyin": "Gambia(220)"
        },
        {
            "name": "Georgia(995)",
            "code": "00995",
            "pinyin": "Georgia(995)"
        },
        {
            "name": "Germany(49)",
            "code": "0049",
            "pinyin": "Germany(49)"
        },
        {
            "name": "Ghana(233)",
            "code": "00233",
            "pinyin": "Ghana(233)"
        },
        {
            "name": "Gibraltar(350)",
            "code": "00350",
            "pinyin": "Gibraltar(350)"
        },
        {
            "name": "Greece(30)",
            "code": "0030",
            "pinyin": "Greece(30)"
        },
        {
            "name": "Grenada(1809)",
            "code": "001809",
            "pinyin": "Grenada(1809)"
        },
        {
            "name": "Guam(1671)",
            "code": "001671",
            "pinyin": "Guam(1671)"
        },
        {
            "name": "Guatemala(502)",
            "code": "00502",
            "pinyin": "Guatemala(502)"
        },
        {
            "name": "Guinea(224)",
            "code": "00224",
            "pinyin": "Guinea(224)"
        },
        {
            "name": "Guyana(592)",
            "code": "00592",
            "pinyin": "Guyana(592)"
        }
    ],
    "H": [
        {
            "name": "Haiti(509)",
            "code": "00509",
            "pinyin": "Haiti(509)"
        },
        {
            "name": "Honduras(504)",
            "code": "00504",
            "pinyin": "Honduras(504)"
        },
        {
            "name": "Hungary(36)",
            "code": "0036",
            "pinyin": "Hungary(36)"
        }
    ],
    "I": [
        {
            "name": "Iceland(354)",
            "code": "00354",
            "pinyin": "Iceland(354)"
        },
        {
            "name": "India(91)",
            "code": "0091",
            "pinyin": "India(91)"
        },
        {
            "name": "Indonesia(62)",
            "code": "0062",
            "pinyin": "Indonesia(62)"
        },
        {
            "name": "Iran(98)",
            "code": "0098",
            "pinyin": "Iran(98)"
        },
        {
            "name": "Iraq(964)",
            "code": "00964",
            "pinyin": "Iraq(964)"
        },
        {
            "name": "Ireland(353)",
            "code": "00353",
            "pinyin": "Ireland(353)"
        },
        {
            "name": "Israel(972)",
            "code": "00972",
            "pinyin": "Israel(972)"
        },
        {
            "name": "Italy(39)",
            "code": "0039",
            "pinyin": "Italy(39)"
        },
        {
            "name": "IvoryCoast(225)",
            "code": "00225",
            "pinyin": "IvoryCoast(225)"
        }
    ],
    "J": [
        {
            "name": "Jamaica(1876)",
            "code": "001876",
            "pinyin": "Jamaica(1876)"
        },
        {
            "name": "Japan(81)",
            "code": "0081",
            "pinyin": "Japan(81)"
        },
        {
            "name": "Jordan(962)",
            "code": "00962",
            "pinyin": "Jordan(962)"
        }
    ],
    "K": [
        {
            "name": "Kazakhstan(327)",
            "code": "00327",
            "pinyin": "Kazakhstan(327)"
        },
        {
            "name": "Kenya(254)",
            "code": "00254",
            "pinyin": "Kenya(254)"
        },
        {
            "name": "Korea(82)",
            "code": "0082",
            "pinyin": "Korea(82)"
        },
        {
            "name": "Kuwait(965)",
            "code": "00965",
            "pinyin": "Kuwait(965)"
        },
        {
            "name": "Kyrgyzstan(996)",
            "code": "00996",
            "pinyin": "Kyrgyzstan(996)"
        }
    ],
    "L": [
        {
            "name": "Laos(856)",
            "code": "00856",
            "pinyin": "Laos(856)"
        },
        {
            "name": "Latvia(371)",
            "code": "00371",
            "pinyin": "Latvia(371)"
        },
        {
            "name": "Lebanon(961)",
            "code": "00961",
            "pinyin": "Lebanon(961)"
        },
        {
            "name": "Lesotho(266)",
            "code": "00266",
            "pinyin": "Lesotho(266)"
        },
        {
            "name": "Liberia(231)",
            "code": "00231",
            "pinyin": "Liberia(231)"
        },
        {
            "name": "Libya(218)",
            "code": "00218",
            "pinyin": "Libya(218)"
        },
        {
            "name": "Liechtenstein(423)",
            "code": "00423",
            "pinyin": "Liechtenstein(423)"
        },
        {
            "name": "Lithuania(370)",
            "code": "00370",
            "pinyin": "Lithuania(370)"
        },
        {
            "name": "Luxembourg(352)",
            "code": "00352",
            "pinyin": "Luxembourg(352)"
        }
    ],
    "M": [
        {
            "name": "Madagascar(261)",
            "code": "00261",
            "pinyin": "Madagascar(261)"
        },
        {
            "name": "Malawi(265)",
            "code": "00265",
            "pinyin": "Malawi(265)"
        },
        {
            "name": "Malaysia(60)",
            "code": "0060",
            "pinyin": "Malaysia(60)"
        },
        {
            "name": "Maldives(960)",
            "code": "00960",
            "pinyin": "Maldives(960)"
        },
        {
            "name": "Mali(223)",
            "code": "00223",
            "pinyin": "Mali(223)"
        },
        {
            "name": "Malta(356)",
            "code": "00356",
            "pinyin": "Malta(356)"
        },
        {
            "name": "Mariana Is(1670)",
            "code": "001670",
            "pinyin": "Mariana Is(1670)"
        },
        {
            "name": "Martinique(596)",
            "code": "00596",
            "pinyin": "Martinique(596)"
        },
        {
            "name": "Mauritius(230)",
            "code": "00230",
            "pinyin": "Mauritius(230)"
        },
        {
            "name": "Mexico(52)",
            "code": "0052",
            "pinyin": "Mexico(52)"
        },
        {
            "name": "Moldova(373)",
            "code": "00373",
            "pinyin": "Moldova(373)"
        },
        {
            "name": "Monaco(377)",
            "code": "00377",
            "pinyin": "Monaco(377)"
        },
        {
            "name": "Mongolia(976)",
            "code": "00976",
            "pinyin": "Mongolia(976)"
        },
        {
            "name": "Montserrat(1664)",
            "code": "001664",
            "pinyin": "Montserrat(1664)"
        },
        {
            "name": "Morocco(212)",
            "code": "00212",
            "pinyin": "Morocco(212)"
        },
        {
            "name": "Mozambique(258)",
            "code": "00258",
            "pinyin": "Mozambique(258)"
        }
    ],
    "N": [
        {
            "name": "Namibia(264)",
            "code": "00264",
            "pinyin": "Namibia(264)"
        },
        {
            "name": "Nauru(674)",
            "code": "00674",
            "pinyin": "Nauru(674)"
        },
        {
            "name": "Nepal(977)",
            "code": "00977",
            "pinyin": "Nepal(977)"
        },
        {
            "name": "Netherlands Antilles(599)",
            "code": "00599",
            "pinyin": "Netherlands Antilles(599)"
        },
        {
            "name": "Netherlands(31)",
            "code": "0031",
            "pinyin": "Netherlands(31)"
        },
        {
            "name": "New Zealand(64)",
            "code": "0064",
            "pinyin": "New Zealand(64)"
        },
        {
            "name": "Nicaragua(505)",
            "code": "00505",
            "pinyin": "Nicaragua(505)"
        },
        {
            "name": "Niger(227)",
            "code": "00227",
            "pinyin": "Niger(227)"
        },
        {
            "name": "Nigeria(234)",
            "code": "00234",
            "pinyin": "Nigeria(234)"
        },
        {
            "name": "North Korea(850)",
            "code": "00850",
            "pinyin": "North Korea(850)"
        },
        {
            "name": "Norway(47)",
            "code": "0047",
            "pinyin": "Norway(47)"
        }
    ],
    "O": [
        {
            "name": "Oman(968)",
            "code": "00968",
            "pinyin": "Oman(968)"
        }
    ],
    "P": [
        {
            "name": "Pakistan(92)",
            "code": "0092",
            "pinyin": "Pakistan(92)"
        },
        {
            "name": "Panama(507)",
            "code": "00507",
            "pinyin": "Panama(507)"
        },
        {
            "name": "Papua New Guinea(675)",
            "code": "00675",
            "pinyin": "Papua New Guinea(675)"
        },
        {
            "name": "Paraguay(595)",
            "code": "00595",
            "pinyin": "Paraguay(595)"
        },
        {
            "name": "Peru(51)",
            "code": "0051",
            "pinyin": "Peru(51)"
        },
        {
            "name": "Philippines(63)",
            "code": "0063",
            "pinyin": "Philippines(63)"
        },
        {
            "name": "Poland(48)",
            "code": "0048",
            "pinyin": "Poland(48)"
        },
        {
            "name": "Portugal(351)",
            "code": "00351",
            "pinyin": "Portugal(351)"
        },
        {
            "name": "PuertoRico(1787)",
            "code": "001787",
            "pinyin": "PuertoRico(1787)"
        }
    ],
    "Q": [
        {
            "name": "Qatar(974)",
            "code": "00974",
            "pinyin": "Qatar(974)"
        }
    ],
    "R": [
        {
            "name": "Reunion(262)",
            "code": "00262",
            "pinyin": "Reunion(262)"
        },
        {
            "name": "Romania(40)",
            "code": "0040",
            "pinyin": "Romania(40)"
        },
        {
            "name": "Russia(7)",
            "code": "007",
            "pinyin": "Russia(7)"
        },
        {
            "name": "Rwanda(250)",
            "code": "00250",
            "pinyin": "Rwanda(250)"
        }
    ],
    "S": [
        {
            "name": "Saint Lueia(1758)",
            "code": "001758",
            "pinyin": "Saint Lueia(1758)"
        },
        {
            "name": "Saint Vincent(1784)",
            "code": "001784",
            "pinyin": "Saint Vincent(1784)"
        },
        {
            "name": "Samoa Eastern(684)",
            "code": "00684",
            "pinyin": "Samoa Eastern(684)"
        },
        {
            "name": "Samoa Western(685)",
            "code": "00685",
            "pinyin": "Samoa Western(685)"
        },
        {
            "name": "San Marino(378)",
            "code": "00378",
            "pinyin": "San Marino(378)"
        },
        {
            "name": "Sao Tome and Principe(239)",
            "code": "00239",
            "pinyin": "Sao Tome and Principe(239)"
        },
        {
            "name": "Saudi Arabia(966)",
            "code": "00966",
            "pinyin": "Saudi Arabia(966)"
        },
        {
            "name": "Senegal(221)",
            "code": "00221",
            "pinyin": "Senegal(221)"
        },
        {
            "name": "Seychelles(248)",
            "code": "00248",
            "pinyin": "Seychelles(248)"
        },
        {
            "name": "Sierra Leone(232)",
            "code": "00232",
            "pinyin": "Sierra Leone(232)"
        },
        {
            "name": "Singapore(65)",
            "code": "0065",
            "pinyin": "Singapore(65)"
        },
        {
            "name": "Slovakia(421)",
            "code": "00421",
            "pinyin": "Slovakia(421)"
        },
        {
            "name": "Slovenia(386)",
            "code": "00386",
            "pinyin": "Slovenia(386)"
        },
        {
            "name": "Solomon Is(677)",
            "code": "00677",
            "pinyin": "Solomon Is(677)"
        },
        {
            "name": "Somali(252)",
            "code": "00252",
            "pinyin": "Somali(252)"
        },
        {
            "name": "South Africa(27)",
            "code": "0027",
            "pinyin": "South Africa(27)"
        },
        {
            "name": "Spain(34)",
            "code": "0034",
            "pinyin": "Spain(34)"
        },
        {
            "name": "Sri Lanka(94)",
            "code": "0094",
            "pinyin": "Sri Lanka(94)"
        },
        {
            "name": "St.Lucia(1758)",
            "code": "001758",
            "pinyin": "St.Lucia(1758)"
        },
        {
            "name": "St.Vincent(1784)",
            "code": "001784",
            "pinyin": "St.Vincent(1784)"
        },
        {
            "name": "Sudan(249)",
            "code": "00249",
            "pinyin": "Sudan(249)"
        },
        {
            "name": "Suriname(597)",
            "code": "00597",
            "pinyin": "Suriname(597)"
        },
        {
            "name": "Swaziland(268)",
            "code": "00268",
            "pinyin": "Swaziland(268)"
        },
        {
            "name": "Sweden(46)",
            "code": "0046",
            "pinyin": "Sweden(46)"
        },
        {
            "name": "Switzerland(41)",
            "code": "0041",
            "pinyin": "Switzerland(41)"
        },
        {
            "name": "Syria(963)",
            "code": "00963",
            "pinyin": "Syria(963)"
        }
    ],
    "T": [
        {
            "name": "Tajikistan(992)",
            "code": "00992",
            "pinyin": "Tajikistan(992)"
        },
        {
            "name": "Tanzania(255)",
            "code": "00255",
            "pinyin": "Tanzania(255)"
        },
        {
            "name": "Thailand(66)",
            "code": "0066",
            "pinyin": "Thailand(66)"
        },
        {
            "name": "Togo(228)",
            "code": "00228",
            "pinyin": "Togo(228)"
        },
        {
            "name": "Tonga(676)",
            "code": "00676",
            "pinyin": "Tonga(676)"
        },
        {
            "name": "Trinidad and Tobago(1809)",
            "code": "001809",
            "pinyin": "Trinidad and Tobago(1809)"
        },
        {
            "name": "Tunisia(216)",
            "code": "00216",
            "pinyin": "Tunisia(216)"
        },
        {
            "name": "Turkey(90)",
            "code": "0090",
            "pinyin": "Turkey(90)"
        },
        {
            "name": "Turkmenistan(993)",
            "code": "00993",
            "pinyin": "Turkmenistan(993)"
        }
    ],
    "U": [
        {
            "name": "Uganda(256)",
            "code": "00256",
            "pinyin": "Uganda(256)"
        },
        {
            "name": "Ukraine(380)",
            "code": "00380",
            "pinyin": "Ukraine(380)"
        },
        {
            "name": "United Arab Emirates(971)",
            "code": "00971",
            "pinyin": "United Arab Emirates(971)"
        },
        {
            "name": "United Kingdom(44)",
            "code": "0044",
            "pinyin": "United Kingdom(44)"
        },
        {
            "name": "United States of America(1)",
            "code": "001",
            "pinyin": "United States of America(1)"
        },
        {
            "name": "Uruguay(598)",
            "code": "00598",
            "pinyin": "Uruguay(598)"
        },
        {
            "name": "Uzbekistan(998)",
            "code": "00998",
            "pinyin": "Uzbekistan(998)"
        }
    ],
    "V": [
        {
            "name": "Venezuela(58)",
            "code": "0058",
            "pinyin": "Venezuela(58)"
        },
        {
            "name": "Vietnam(84)",
            "code": "0084",
            "pinyin": "Vietnam(84)"
        }
    ],
    "Y": [
        {
            "name": "Yemen(967)",
            "code": "00967",
            "pinyin": "Yemen(967)"
        },
        {
            "name": "Yugoslavia(381)",
            "code": "00381",
            "pinyin": "Yugoslavia(381)"
        }
    ],
    "Z": [
        {
            "name": "中国(86)",
            "code": "0086",
            "pinyin": "ZhongGuo(86)"
        },
        {
            "name": "中国香港(852)",
            "code": "00852",
            "pinyin": "ZhongGuoXiangGang(852)"
        },
        {
            "name": "中国澳门(853)",
            "code": "00853",
            "pinyin": "ZhongGuoAoMen(853)"
        },
        {
            "name": "中国台湾(886)",
            "code": "00886",
            "pinyin": "ZhongGuoTaiWan(886)"
        },
        {
            "name": "Zaire(243)",
            "code": "00243",
            "pinyin": "Zaire(243)"
        },
        {
            "name": "Zambia(260)",
            "code": "00260",
            "pinyin": "Zambia(260)"
        },
        {
            "name": "Zimbabwe(263)",
            "code": "00263",
            "pinyin": "Zimbabwe(263)"
        }
    ]
}